<?xml version="1.0" encoding="UTF-8"?>
<project version="4">
  <component name="ChangeListManager">
    <list default="true" id="9f684d49-9745-41bc-8d31-57fdb5947470" name="Default Changelist" comment="" />
    <option name="SHOW_DIALOG" value="false" />
    <option name="HIGHLIGHT_CONFLICTS" value="true" />
    <option name="HIGHLIGHT_NON_ACTIVE_CHANGELIST" value="false" />
    <option name="LAST_RESOLUTION" value="IGNORE" />
  </component>
  <component name="ConceptEditorHintSettings">
    <option name="enabledHints">
      <set>
        <option value="de.slisson.mps.conditionalEditor.hints.editor.conditionalEditorHints.conditionalEditor" />
        <option value="de.slisson.mps.conditionalEditor.hints.editor.conditionalEditorHints.conditionalEditor_doNotUseThisHint" />
        <option value="gegevensspraak.editor.DebugHints.Beside" />
        <option value="gegevensspraak.editor.DebugHints.InPlace" />
        <option value="gegevensspraak.editor.DebugHints.TestRegel" />
      </set>
    </option>
  </component>
  <component name="ConsoleHistory">
    <option name="tabs">
      <list>
        <TabState>
          <option name="title" value="Console" />
          <tab>
            <model ref="2286b386-a060-47dd-b8dc-b39e5f1ccc8d/r:87742a14-1147-477d-887e-8484ce5e7f80(TempModule2286b386-a060-47dd-b8dc-b39e5f1ccc8d/ConsoleModel_58961277439100)">
              <persistence version="9" />
              <languages>
                <devkit ref="70d3d6da-af63-483d-a75f-9c8acf8de332(jetbrains.mps.console.devkit)" />
              </languages>
              <imports />
              <registry>
                <language id="de1ad86d-6e50-4a02-b306-d4d17f64c375" name="jetbrains.mps.console.base">
                  <concept id="1583916890557930028" name="jetbrains.mps.console.base.structure.ConsoleRoot" flags="ng" index="aymSD">
                    <child id="1583916890557930415" name="history" index="aymYE" />
                    <child id="1583916890557930417" name="commandHolder" index="aymYO" />
                    <child id="9025248442620242919" name="cursor" index="1PhJh3" />
                  </concept>
                  <concept id="5758176878586720817" name="jetbrains.mps.console.base.structure.CommandHolderRef" flags="ng" index="2_V_lH">
                    <reference id="5758176878586720818" name="target" index="2_V_lI" />
                  </concept>
                  <concept id="351968380916615243" name="jetbrains.mps.console.base.structure.CommandHolder" flags="ng" index="2Clz$F" />
                  <concept id="757553790980850366" name="jetbrains.mps.console.base.structure.History" flags="ng" index="3balQm" />
                </language>
              </registry>
              <node concept="aymSD" id="2G1RmrNvdqp">
                <node concept="3balQm" id="2G1RmrNvdqq" role="aymYE" />
                <node concept="2Clz$F" id="2G1RmrNvdqr" role="aymYO" />
                <node concept="2_V_lH" id="2G1RmrNvdqs" role="1PhJh3">
                  <ref role="2_V_lI" node="2G1RmrNvdqr" resolve="CommandHolder" />
                </node>
              </node>
            </model>
          </tab>
        </TabState>
      </list>
    </option>
  </component>
  <component name="Git.Settings">
    <option name="RECENT_BRANCH_BY_REPOSITORY">
      <map>
        <entry key="$PROJECT_DIR$" value="feature/Services1" />
      </map>
    </option>
    <option name="RECENT_GIT_ROOT_PATH" value="$PROJECT_DIR$" />
  </component>
  <component name="MPSBookmarkManager">
    <option name="myBookmarkInfos">
      <array>
        <BookmarkInfo />
        <BookmarkInfo />
        <BookmarkInfo />
        <BookmarkInfo />
        <BookmarkInfo />
        <BookmarkInfo />
        <BookmarkInfo />
        <BookmarkInfo />
        <BookmarkInfo />
        <BookmarkInfo />
      </array>
    </option>
  </component>
  <component name="MessagesViewTool">
    <option name="defaultListState">
      <MessageListState>
        <option name="autoscrollToSource" value="true" />
        <option name="info" value="true" />
        <option name="warnings" value="true" />
      </MessageListState>
    </option>
  </component>
  <component name="ProjectId" id="2AxvvjVQ2NqzQL5dOJbxM9cjPNz" />
  <component name="ProjectPluginManager">
    <option name="pluginsState">
      <option name="alef.customization.plugin.Customization_ProjectPlugin">
        <value>
          <PluginState>
            <option name="myComponentsState">
              <list>
                <ComponentState>
                  <option name="first" value="alef.customization.plugin.ALEF_Preferences_PreferencesComponent" />
                  <params>
                    <option name="alternativeStyle" value="false" />
                    <option name="completeMenus" value="false" />
                    <option name="ALTERNATIVE_STYLE_NAME" value="LinuxStyle" />
                    <option name="COMPLETE_MENUS" value="CompleteMenus" />
                  </params>
                </ComponentState>
              </list>
            </option>
          </PluginState>
        </value>
      </option>
      <option name="com.dslfoundry.langvis.plugin.plugin.Plugin_ProjectPlugin">
        <value>
          <PluginState />
        </value>
      </option>
      <option name="com.mbeddr.core.base.pluginSolution.plugin.PluginSolution_ProjectPlugin">
        <value>
          <PluginState />
        </value>
      </option>
      <option name="com.mbeddr.doc.aspect.ui.plugin.Ui_ProjectPlugin">
        <value>
          <PluginState />
        </value>
      </option>
      <option name="com.mbeddr.doc.pluginSolution.plugin.PluginSolution_ProjectPlugin">
        <value>
          <PluginState />
        </value>
      </option>
      <option name="com.mbeddr.mpsutil.breadcrumb.runtime.plugin.Runtime_ProjectPlugin">
        <value>
          <PluginState />
        </value>
      </option>
      <option name="com.mbeddr.mpsutil.ccmenu.runtime.plugin.Runtime_ProjectPlugin">
        <value>
          <PluginState />
        </value>
      </option>
      <option name="com.mbeddr.mpsutil.contextactions.runtime.plugin.Runtime_ProjectPlugin">
        <value>
          <PluginState />
        </value>
      </option>
      <option name="com.mbeddr.mpsutil.editingGuide.execution.plugin.Execution_ProjectPlugin">
        <value>
          <PluginState />
        </value>
      </option>
      <option name="com.mbeddr.mpsutil.genreview.plugin.Genreview_ProjectPlugin">
        <value>
          <PluginState />
        </value>
      </option>
      <option name="com.mbeddr.mpsutil.hyperlink.plugin.Hyperlink_ProjectPlugin">
        <value>
          <PluginState />
        </value>
      </option>
      <option name="com.mbeddr.mpsutil.jfreechart.runtime.plugin.Runtime_ProjectPlugin">
        <value>
          <PluginState />
        </value>
      </option>
      <option name="com.mbeddr.mpsutil.jung.pluginSolution.plugin.PluginSolution_ProjectPlugin">
        <value>
          <PluginState />
        </value>
      </option>
      <option name="com.mbeddr.mpsutil.multilingual.concept.runtime.plugin.Runtime_ProjectPlugin">
        <value>
          <PluginState />
        </value>
      </option>
      <option name="com.mbeddr.mpsutil.multilingual.settings.runtime.plugin.Runtime_ProjectPlugin">
        <value>
          <PluginState />
        </value>
      </option>
      <option name="com.mbeddr.mpsutil.plantuml.pluginSolution.plugin.PluginSolution_ProjectPlugin">
        <value>
          <PluginState />
        </value>
      </option>
      <option name="com.mbeddr.mpsutil.projectview.runtime.plugin.Runtime_ProjectPlugin">
        <value>
          <PluginState />
        </value>
      </option>
      <option name="com.mbeddr.mpsutil.projectview.vcs.plugin.Vcs_ProjectPlugin">
        <value>
          <PluginState />
        </value>
      </option>
      <option name="com.mbeddr.mpsutil.traceExplorer.plugin.TraceExplorer_ProjectPlugin">
        <value>
          <PluginState />
        </value>
      </option>
      <option name="com.mbeddr.mpsutil.userstyles.runtime.plugin.Runtime_ProjectPlugin">
        <value>
          <PluginState />
        </value>
      </option>
      <option name="de.itemis.mps.editor.celllayout.runtime.plugin.Runtime_ProjectPlugin">
        <value>
          <PluginState />
        </value>
      </option>
      <option name="de.itemis.mps.editor.diagram.runtime.plugin.Runtime_ProjectPlugin">
        <value>
          <PluginState />
        </value>
      </option>
      <option name="de.itemis.mps.mouselistener.runtime.plugin.Runtime_ProjectPlugin">
        <value>
          <PluginState />
        </value>
      </option>
      <option name="de.itemis.mps.selection.runtime.plugin.Runtime_ProjectPlugin">
        <value>
          <PluginState />
        </value>
      </option>
      <option name="de.itemis.mps.tooltips.runtime.plugin.Runtime_ProjectPlugin">
        <value>
          <PluginState />
        </value>
      </option>
      <option name="de.slisson.mps.conditionalEditor.runtime.plugin.Runtime_ProjectPlugin">
        <value>
          <PluginState />
        </value>
      </option>
      <option name="ih.plugin.plugin.Plugin_ProjectPlugin">
        <value>
          <PluginState />
        </value>
      </option>
      <option name="jetbrains.mps.baseLanguage.lightweightdsl.pluginSolution.plugin.PluginSolution_ProjectPlugin">
        <value>
          <PluginState />
        </value>
      </option>
      <option name="jetbrains.mps.editor.contextActionsTool.pluginSolution.plugin.PluginSolution_ProjectPlugin">
        <value>
          <PluginState />
        </value>
      </option>
      <option name="jetbrains.mps.execution.configurations.implementation.plugin.plugin.Plugin_ProjectPlugin">
        <value>
          <PluginState />
        </value>
      </option>
      <option name="jetbrains.mps.execution.configurations.pluginSolution.plugin.PluginSolution_ProjectPlugin">
        <value>
          <PluginState />
        </value>
      </option>
      <option name="jetbrains.mps.ide.actions.Ide_ProjectPlugin">
        <value>
          <PluginState>
            <option name="myComponentsState">
              <list>
                <ComponentState>
                  <option name="first" value="jetbrains.mps.ide.actions.BehaviorDialogsPersistentOptions_PreferencesComponent" />
                  <params>
                    <option name="addReturnsOnImplement" value="false" />
                    <option name="sortAlphabetically" value="false" />
                    <option name="removeAttributes" value="true" />
                  </params>
                </ComponentState>
              </list>
            </option>
          </PluginState>
        </value>
      </option>
      <option name="jetbrains.mps.ide.devkit.actions.Mpsdevkit_ProjectPlugin">
        <value>
          <PluginState />
        </value>
      </option>
      <option name="jetbrains.mps.ide.devkit.editor.Editor_ProjectPlugin">
        <value>
          <PluginState />
        </value>
      </option>
      <option name="jetbrains.mps.ide.make.actions.Make_ProjectPlugin">
        <value>
          <PluginState />
        </value>
      </option>
      <option name="jetbrains.mps.lang.editor.tooltips.runtime.plugin.Runtime_ProjectPlugin">
        <value>
          <PluginState />
        </value>
      </option>
      <option name="jetbrains.mps.migration.workbench.plugin.Workbench_ProjectPlugin">
        <value>
          <PluginState />
        </value>
      </option>
      <option name="linguistics.plugin.plugin.Plugin_ProjectPlugin">
        <value>
          <PluginState />
        </value>
      </option>
      <option name="regelspraak.plugin.Regelspraak_ProjectPlugin">
        <value>
          <PluginState />
        </value>
      </option>
      <option name="testspraak.plugin.Testspraak_ProjectPlugin">
        <value>
          <PluginState />
        </value>
      </option>
    </option>
  </component>
  <component name="ProjectView">
    <navigator currentView="ProjectPane" proportions="" version="1" />
    <panes>
      <pane id="ProjectPane">
        <subPane>
          <PATH>
            <PATH_ELEMENT>
              <option name="myItemId" value="opleiding_toka" />
              <option name="myItemType" value="" />
            </PATH_ELEMENT>
            <PATH_ELEMENT>
              <option name="myItemId" value="8cdba83d-8f1a-4a69-8b02-20289fe683c1" />
              <option name="myItemType" value="" />
            </PATH_ELEMENT>
          </PATH>
          <PATH>
            <PATH_ELEMENT>
              <option name="myItemId" value="opleiding_toka" />
              <option name="myItemType" value="" />
            </PATH_ELEMENT>
          </PATH>
        </subPane>
      </pane>
      <pane id="FileSystem" />
      <pane id="CustomProjectView_com.mbeddr.mpsutil.favourites.plugin.plugin.FavouritesProjectView">
        <subPane />
      </pane>
      <pane id="Scope" />
      <pane id="CustomProjectView_com.mbeddr.mpsutil.favourites.plugin.plugin.FavouritesProjectView">
        <subPane />
      </pane>
    </panes>
  </component>
  <component name="ProjectViewState">
    <option name="hideEmptyMiddlePackages" value="true" />
    <option name="showLibraryContents" value="true" />
  </component>
  <component name="PropertiesComponent">
    <property name="Git.Branch.Popup.ShowAllRemotes" value="true" />
    <property name="IHProjectInited" value="true" />
    <property name="RunOnceActivity.OpenProjectViewOnStart" value="true" />
    <property name="RunOnceActivity.ShowReadmeOnStart" value="true" />
  </component>
  <component name="SpellCheckerSettings" RuntimeDictionaries="0" Folders="0" CustomDictionaries="0" DefaultDictionary="application-level" UseSingleDictionary="true" transferred="true" />
  <component name="TaskManager">
    <task active="true" id="Default" summary="Default task">
      <changelist id="9f684d49-9745-41bc-8d31-57fdb5947470" name="Default Changelist" comment="" />
      <created>1655964284785</created>
      <option name="number" value="Default" />
      <option name="presentableId" value="Default" />
      <updated>1655964284785</updated>
    </task>
    <servers />
  </component>
  <component name="UsagesViewTool">
    <version id="1" />
    <tabs />
    <default_view_options>
      <options category_option="false" module_option="true" model_option="true" root_option="true" path_option="false" count_option="true" info_option="true" view_searched_nodes_option="true" group_searched_nodes_option="true" autoscroll_option="false" />
    </default_view_options>
  </component>
  <component name="Vcs.Log.Tabs.Properties">
    <option name="TAB_STATES">
      <map>
        <entry key="MAIN">
          <value>
            <State />
          </value>
        </entry>
      </map>
    </option>
    <option name="oldMeFiltersMigrated" value="true" />
  </component>
</project>